Workbook

Sheet Resumen
A1: Resumen: cosechas 2026 por calificación varietal
A3: Planta | B3: Calificación | C3: Cortes | D3: Área (ha) | E3: % del área | F3: TCH medio
A4: Riopaila | B4: 1 · óptimo | C4: =COUNTIFS('Calificación 2026'!$A$5:$A$811,A4,'Calificación 2026'!$M$5:$M$811,1) -> 47 | D4: =SUMIFS('Calificación 2026'!$G$5:$G$811,'Calificación 2026'!$A$5:$A$811,A4,'Calificación 2026'!$M$5:$M$811,1) -> 398.41 | E4: =IF(SUMIFS('Calificación 2026'!$G$5:$G$811,'Calificación 2026'!$A$5:$A$811,A4)=0,"",D4/SUMIFS('Calificación 2026'!$G$5:$G$811,'Calificación 2026'!$A$5:$A$811,A4)) -> 0.12389681 | F4: =IF(D4=0,"",SUMPRODUCT(('Calificación 2026'!$A$5:$A$811=A4)*('Calificación 2026'!$M$5:$M$811=1)*'Calificación 2026'!$G$5:$G$811*'Calificación 2026'!$H$5:$H$811)/D4) -> 138.50565
A5: Riopaila | B5: 3 · medio | C5: =COUNTIFS('Calificación 2026'!$A$5:$A$811,A5,'Calificación 2026'!$M$5:$M$811,3) -> 67 | D5: =SUMIFS('Calificación 2026'!$G$5:$G$811,'Calificación 2026'!$A$5:$A$811,A5,'Calificación 2026'!$M$5:$M$811,3) -> 597.87 | E5: =IF(SUMIFS('Calificación 2026'!$G$5:$G$811,'Calificación 2026'!$A$5:$A$811,A5)=0,"",D5/SUMIFS('Calificación 2026'!$G$5:$G$811,'Calificación 2026'!$A$5:$A$811,A5)) -> 0.18592451 | F5: =IF(D5=0,"",SUMPRODUCT(('Calificación 2026'!$A$5:$A$811=A5)*('Calificación 2026'!$M$5:$M$811=3)*'Calificación 2026'!$G$5:$G$811*'Calificación 2026'!$H$5:$H$811)/D5) -> 122.11737
A6: Riopaila | B6: 5 · bajo | C6: =COUNTIFS('Calificación 2026'!$A$5:$A$811,A6,'Calificación 2026'!$M$5:$M$811,5) -> 248 | D6: =SUMIFS('Calificación 2026'!$G$5:$G$811,'Calificación 2026'!$A$5:$A$811,A6,'Calificación 2026'!$M$5:$M$811,5) -> 2219.38 | E6: =IF(SUMIFS('Calificación 2026'!$G$5:$G$811,'Calificación 2026'!$A$5:$A$811,A6)=0,"",D6/SUMIFS('Calificación 2026'!$G$5:$G$811,'Calificación 2026'!$A$5:$A$811,A6)) -> 0.69017869 | F6: =IF(D6=0,"",SUMPRODUCT(('Calificación 2026'!$A$5:$A$811=A6)*('Calificación 2026'!$M$5:$M$811=5)*'Calificación 2026'!$G$5:$G$811*'Calificación 2026'!$H$5:$H$811)/D6) -> 102.40526
A7: Castilla | B7: 1 · óptimo | C7: =COUNTIFS('Calificación 2026'!$A$5:$A$811,A7,'Calificación 2026'!$M$5:$M$811,1) -> 57 | D7: =SUMIFS('Calificación 2026'!$G$5:$G$811,'Calificación 2026'!$A$5:$A$811,A7,'Calificación 2026'!$M$5:$M$811,1) -> 402.32 | E7: =IF(SUMIFS('Calificación 2026'!$G$5:$G$811,'Calificación 2026'!$A$5:$A$811,A7)=0,"",D7/SUMIFS('Calificación 2026'!$G$5:$G$811,'Calificación 2026'!$A$5:$A$811,A7)) -> 0.11330851 | F7: =IF(D7=0,"",SUMPRODUCT(('Calificación 2026'!$A$5:$A$811=A7)*('Calificación 2026'!$M$5:$M$811=1)*'Calificación 2026'!$G$5:$G$811*'Calificación 2026'!$H$5:$H$811)/D7) -> 129.95066
A8: Castilla | B8: 3 · medio | C8: =COUNTIFS('Calificación 2026'!$A$5:$A$811,A8,'Calificación 2026'!$M$5:$M$811,3) -> 66 | D8: =SUMIFS('Calificación 2026'!$G$5:$G$811,'Calificación 2026'!$A$5:$A$811,A8,'Calificación 2026'!$M$5:$M$811,3) -> 517.5 | E8: =IF(SUMIFS('Calificación 2026'!$G$5:$G$811,'Calificación 2026'!$A$5:$A$811,A8)=0,"",D8/SUMIFS('Calificación 2026'!$G$5:$G$811,'Calificación 2026'!$A$5:$A$811,A8)) -> 0.14574755 | F8: =IF(D8=0,"",SUMPRODUCT(('Calificación 2026'!$A$5:$A$811=A8)*('Calificación 2026'!$M$5:$M$811=3)*'Calificación 2026'!$G$5:$G$811*'Calificación 2026'!$H$5:$H$811)/D8) -> 116.32456
A9: Castilla | B9: 5 · bajo | C9: =COUNTIFS('Calificación 2026'!$A$5:$A$811,A9,'Calificación 2026'!$M$5:$M$811,5) -> 322 | D9: =SUMIFS('Calificación 2026'!$G$5:$G$811,'Calificación 2026'!$A$5:$A$811,A9,'Calificación 2026'!$M$5:$M$811,5) -> 2630.84 | E9: =IF(SUMIFS('Calificación 2026'!$G$5:$G$811,'Calificación 2026'!$A$5:$A$811,A9)=0,"",D9/SUMIFS('Calificación 2026'!$G$5:$G$811,'Calificación 2026'!$A$5:$A$811,A9)) -> 0.74094394 | F9: =IF(D9=0,"",SUMPRODUCT(('Calificación 2026'!$A$5:$A$811=A9)*('Calificación 2026'!$M$5:$M$811=5)*'Calificación 2026'!$G$5:$G$811*'Calificación 2026'!$H$5:$H$811)/D9) -> 96.743504
A11: Histórico G&P/ZQM 2016-2025 para el benchmark; 2026 = G&P ene-sep + app de Cosecha octubre. Zona agroecológica del maestro.

Sheet Calificación 2026
A1: Calificación de las cosechas 2026 frente al benchmark de su variedad en su zona agroecológica
A2: 1 = más de 5 % sobre el benchmark (óptimo) · 3 = entre −5 % y +5 % (medio) · 5 = más de 5 % por debajo (bajo). La banda se cambia en Benchmark!B2.
A4: Planta | B4: Suerte | C4: Mes | D4: Corte | E4: Variedad | F4: Zona agroecológica | G4: Área (ha) | H4: TCH 2026 | I4: Benchmark usado | J4: Nivel del benchmark | K4: Benchmark TCH | L4: Frente al benchmark | M4: Calificación | N4: Fuente
A5: Castilla | B5: 2104-120 | C5: 1 | D5: 3 | E5: CC 05-430 | F5: 6H1 | G5: 14.06 | H5: 104.25107 | I5: castilla|CC 05-430|6H1 | J5: variedad × zona | K5: =INDEX(Benchmark!$H$5:$H$807,MATCH(I5,Benchmark!$A$5:$A$807,0)) -> 129.66293 | L5: =H5/K5-1 -> -0.19598401 | M5: =IF(L5>Benchmark!$B$2,1,IF(L5<-Benchmark!$B$2,5,3)) -> 5 | N5: G&P
A6: Castilla | B6: 2104-131 | C6: 1 | D6: 1 | E6: CC 05-430 | F6: 6H1 | G6: 7.56 | H6: 118.35317 | I6: castilla|CC 05-430|6H1 | J6: variedad × zona | K6: =INDEX(Benchmark!$H$5:$H$807,MATCH(I6,Benchmark!$A$5:$A$807,0)) -> 129.66293 | L6: =H6/K6-1 -> -0.087224263 | M6: =IF(L6>Benchmark!$B$2,1,IF(L6<-Benchmark!$B$2,5,3)) -> 5 | N6: G&P
A7: Castilla | B7: 2104-192 | C7: 1 | D7: 1 | E7: CC 09-066 | F7: 15H1 | G7: 2.89 | H7: 145.43253 | I7: castilla|CC 09-066|TODAS | J7: variedad (toda la planta) | K7: =INDEX(Benchmark!$H$5:$H$807,MATCH(I7,Benchmark!$A$5:$A$807,0)) -> 135.18231 | L7: =H7/K7-1 -> 0.075825105 | M7: =IF(L7>Benchmark!$B$2,1,IF(L7<-Benchmark!$B$2,5,3)) -> 1 | N7: G&P
A8: Castilla | B8: 2104-312 | C8: 1 | D8: 4 | E8: CC 05-430 | F8: 11H1 | G8: 6.91 | H8: 150.85239 | I8: castilla|CC 05-430|11H1 | J8: variedad × zona | K8: =INDEX(Benchmark!$H$5:$H$807,MATCH(I8,Benchmark!$A$5:$A$807,0)) -> 132.44402 | L8: =H8/K8-1 -> 0.13898984 | M8: =IF(L8>Benchmark!$B$2,1,IF(L8<-Benchmark!$B$2,5,3)) -> 1 | N8: G&P
A9: Castilla | B9: 2105-150 | C9: 1 | D9: 6 | E9: CC 05-430 | F9: 11H1 | G9: 15.72 | H9: 135.70038 | I9: castilla|CC 05-430|11H1 | J9: variedad × zona | K9: =INDEX(Benchmark!$H$5:$H$807,MATCH(I9,Benchmark!$A$5:$A$807,0)) -> 132.44402 | L9: =H9/K9-1 -> 0.024586737 | M9: =IF(L9>Benchmark!$B$2,1,IF(L9<-Benchmark!$B$2,5,3)) -> 3 | N9: G&P
A10: Castilla | B10: 2111-011 | C10: 1 | D10: 4 | E10: CC 05-430 | F10: 11H3 | G10: 7.86 | H10: 142.45293 | I10: castilla|CC 05-430|11H3 | J10: variedad × zona | K10: =INDEX(Benchmark!$H$5:$H$807,MATCH(I10,Benchmark!$A$5:$A$807,0)) -> 118.61466 | L10: =H10/K10-1 -> 0.20097232 | M10: =IF(L10>Benchmark!$B$2,1,IF(L10<-Benchmark!$B$2,5,3)) -> 1 | N10: G&P
A11: Castilla | B11: 2506-400 | C11: 1 | D11: 1 | E11: CC 09-066 | F11: 6H1 | G11: 0.7 | H11: 137.7 | I11: castilla|CC 09-066|6H1 | J11: variedad × zona | K11: =INDEX(Benchmark!$H$5:$H$807,MATCH(I11,Benchmark!$A$5:$A$807,0)) -> 132.55535 | L11: =H11/K11-1 -> 0.038811357 | M11: =IF(L11>Benchmark!$B$2,1,IF(L11<-Benchmark!$B$2,5,3)) -> 3 | N11: G&P
A12: Castilla | B12: 2101-040 | C12: 2 | D12: 2 | E12: CC 11-0132 | F12: 11H1 | G12: 17.82 | H12: 97.295735 | I12: castilla|CC 11-0132|11H1 | J12: variedad × zona | K12: =INDEX(Benchmark!$H$5:$H$807,MATCH(I12,Benchmark!$A$5:$A$807,0)) -> 132.03967 | L12: =H12/K12-1 -> -0.26313256 | M12: =IF(L12>Benchmark!$B$2,1,IF(L12<-Benchmark!$B$2,5,3)) -> 5 | N12: G&P
A13: Castilla | B13: 2104-011 | C13: 2 | D13: 5 | E13: CC 09-066 | F13: 11H1 | G13: 9.97 | H13: 108.77031 | I13: castilla|CC 09-066|11H1 | J13: variedad × zona | K13: =INDEX(Benchmark!$H$5:$H$807,MATCH(I13,Benchmark!$A$5:$A$807,0)) -> 134.7097 | L13: =H13/K13-1 -> -0.19255771 | M13: =IF(L13>Benchmark!$B$2,1,IF(L13<-Benchmark!$B$2,5,3)) -> 5 | N13: G&P
A14: Castilla | B14: 2104-140 | C14: 2 | D14: 5 | E14: CC 09-535 | F14: 30H1 | G14: 17.62 | H14: 92.202611 | I14: castilla|CC 09-535|30H1 | J14: variedad × zona | K14: =INDEX(Benchmark!$H$5:$H$807,MATCH(I14,Benchmark!$A$5:$A$807,0)) -> 108.21679 | L14: =H14/K14-1 -> -0.14798241 | M14: =IF(L14>Benchmark!$B$2,1,IF(L14<-Benchmark!$B$2,5,3)) -> 5 | N14: G&P
A15: Castilla | B15: 2104-150 | C15: 2 | D15: 3 | E15: CC 11-0132 | F15: 11H1 | G15: 5.23 | H15: 85.550669 | I15: castilla|CC 11-0132|11H1 | J15: variedad × zona | K15: =INDEX(Benchmark!$H$5:$H$807,MATCH(I15,Benchmark!$A$5:$A$807,0)) -> 132.03967 | L15: =H15/K15-1 -> -0.3520836 | M15: =IF(L15>Benchmark!$B$2,1,IF(L15<-Benchmark!$B$2,5,3)) -> 5 | N15: G&P
A16: Castilla | B16: 2104-440 | C16: 2 | D16: 4 | E16: CC 05-430 | F16: 6H1 | G16: 8.32 | H16: 100.36538 | I16: castilla|CC 05-430|6H1 | J16: variedad × zona | K16: =INDEX(Benchmark!$H$5:$H$807,MATCH(I16,Benchmark!$A$5:$A$807,0)) -> 129.66293 | L16: =H16/K16-1 -> -0.22595158 | M16: =IF(L16>Benchmark!$B$2,1,IF(L16<-Benchmark!$B$2,5,3)) -> 5 | N16: G&P
... A811: Riopaila | B811: 3501-380 | C811: 10 | D811: 2 | E811: CC 05-430 | F811: 15H1 | G811: 21.72 | H811: 144.06 | I811: riopaila|CC 05-430|15H1 | J811: variedad × zona | K811: =INDEX(Benchmark!$H$5:$H$807,MATCH(I811,Benchmark!$A$5:$A$807,0)) -> 145.44695 | L811: =H811/K811-1 -> -0.0095357969 | M811: =IF(L811>Benchmark!$B$2,1,IF(L811<-Benchmark!$B$2,5,3)) -> 3 | N811: app de Cosecha (oct)

Sheet Benchmark
A1: Benchmark de TCH por variedad × zona agroecológica · histórico G&P 2016-2025
A2: Banda del rango medio (±) | B2: 0.05 | C2: Benchmark = mediana del TCH de los cortes. Se usa el nivel más fino con al menos 5 cortes. Óptimo > benchmark × (1 + banda); bajo < benchmark × (1 − banda).
A4: Clave | B4: Planta | C4: Nivel | D4: Variedad | E4: Zona agroecológica | F4: Cortes | G4: Área (ha) | H4: Benchmark TCH (mediana) | I4: P25 | J4: P75 | K4: Óptimo: más de | L4: Bajo: menos de | M4: Años
A5: castilla|TODAS|TODAS | B5: Castilla | C5: planta | D5: TODAS | E5: TODAS | F5: 6573 | G5: 56843.315 | H5: 112.48025 | I5: 94.077471 | J5: 130.45655 | K5: =H5*(1+$B$2) -> 118.10426 | L5: =H5*(1-$B$2) -> 106.85623 | M5: 2016-2025
A6: castilla|CC 00-3257|TODAS | B6: Castilla | C6: variedad (toda la planta) | D6: CC 00-3257 | E6: TODAS | F6: 173 | G6: 1247.07 | H6: 97.752212 | I6: 80.821249 | J6: 111.44128 | K6: =H6*(1+$B$2) -> 102.63982 | L6: =H6*(1-$B$2) -> 92.864602 | M6: 2017-2025
A7: castilla|CC 00-3771|TODAS | B7: Castilla | C7: variedad (toda la planta) | D7: CC 00-3771 | E7: TODAS | F7: 12 | G7: 38.5 | H7: 122.5461 | I7: 111.7891 | J7: 127.04531 | K7: =H7*(1+$B$2) -> 128.6734 | L7: =H7*(1-$B$2) -> 116.41879 | M7: 2020-2025
A8: castilla|CC 01-1228|TODAS | B8: Castilla | C8: variedad (toda la planta) | D8: CC 01-1228 | E8: TODAS | F8: 128 | G8: 1006.88 | H8: 112.03469 | I8: 96.542228 | J8: 126.58388 | K8: =H8*(1+$B$2) -> 117.63643 | L8: =H8*(1-$B$2) -> 106.43296 | M8: 2016-2025
A9: castilla|CC 01-1940|TODAS | B9: Castilla | C9: variedad (toda la planta) | D9: CC 01-1940 | E9: TODAS | F9: 2193 | G9: 20367.256 | H9: 108.55614 | I9: 88.503774 | J9: 127.37557 | K9: =H9*(1+$B$2) -> 113.98394 | L9: =H9*(1-$B$2) -> 103.12833 | M9: 2016-2025
A10: castilla|CC 01-678|TODAS | B10: Castilla | C10: variedad (toda la planta) | D10: CC 01-678 | E10: TODAS | F10: 53 | G10: 292.67 | H10: 113.25518 | I10: 98.147414 | J10: 123.43593 | K10: =H10*(1+$B$2) -> 118.91794 | L10: =H10*(1-$B$2) -> 107.59242 | M10: 2019-2025
A11: castilla|CC 01-746|TODAS | B11: Castilla | C11: variedad (toda la planta) | D11: CC 01-746 | E11: TODAS | F11: 15 | G11: 89.89 | H11: 119.65105 | I11: 111.39192 | J11: 129.7219 | K11: =H11*(1+$B$2) -> 125.6336 | L11: =H11*(1-$B$2) -> 113.66849 | M11: 2018-2023
A12: castilla|CC 03-154|TODAS | B12: Castilla | C12: variedad (toda la planta) | D12: CC 03-154 | E12: TODAS | F12: 12 | G12: 68.21 | H12: 102.94392 | I12: 90.580666 | J12: 111.51186 | K12: =H12*(1+$B$2) -> 108.09111 | L12: =H12*(1-$B$2) -> 97.796722 | M12: 2016-2020
A13: castilla|CC 03-469|TODAS | B13: Castilla | C13: variedad (toda la planta) | D13: CC 03-469 | E13: TODAS | F13: 7 | G13: 57.6 | H13: 90.764583 | I13: 85.526563 | J13: 94.699817 | K13: =H13*(1+$B$2) -> 95.302813 | L13: =H13*(1-$B$2) -> 86.226354 | M13: 2019-2024
A14: castilla|CC 04-195|TODAS | B14: Castilla | C14: variedad (toda la planta) | D14: CC 04-195 | E14: TODAS | F14: 5 | G14: 9.55 | H14: 118.02094 | I14: 114.29319 | J14: 119.66492 | K14: =H14*(1+$B$2) -> 123.92199 | L14: =H14*(1-$B$2) -> 112.1199 | M14: 2019-2023
A15: castilla|CC 05-230|TODAS | B15: Castilla | C15: variedad (toda la planta) | D15: CC 05-230 | E15: TODAS | F15: 15 | G15: 63.55 | H15: 105.10613 | I15: 99.908998 | J15: 112.11363 | K15: =H15*(1+$B$2) -> 110.36144 | L15: =H15*(1-$B$2) -> 99.850825 | M15: 2021-2025
A16: castilla|CC 05-231|TODAS | B16: Castilla | C16: variedad (toda la planta) | D16: CC 05-231 | E16: TODAS | F16: 16 | G16: 79.56 | H16: 108.9638 | I16: 97.805433 | J16: 121.43585 | K16: =H16*(1+$B$2) -> 114.41199 | L16: =H16*(1-$B$2) -> 103.51561 | M16: 2022-2025
... A807: riopaila|TODAS|SIN ZONA | B807: Riopaila | C807: zona (todas las variedades) | D807: TODAS | E807: SIN ZONA | F807: 609 | G807: 6004.74 | H807: 123.89678 | I807: 109.25303 | J807: 140.55365 | K807: =H807*(1+$B$2) -> 130.09162 | L807: =H807*(1-$B$2) -> 117.70194 | M807: 2016-2025
